<?xml version="1.0" encoding="UTF-8"?>
<root>
  <item name="com.stripe.android.Stripe mTokenCreator">
    <annotation name="android.support.annotation.VisibleForTesting" />
  </item>
  <item name="com.stripe.android.Stripe void setLoggingResponseListener(com.stripe.android.net.StripeApiHandler.LoggingResponseListener)">
    <annotation name="android.support.annotation.VisibleForTesting" />
  </item>
  <item name="com.stripe.android.Stripe.TokenCreator">
    <annotation name="android.support.annotation.VisibleForTesting" />
  </item>
</root>

