<?xml version="1.0" encoding="UTF-8"?>
<root>
  <item name="com.stripe.android.model.BankAccount BankAccount(java.lang.String, java.lang.String, java.lang.String, java.lang.String, java.lang.String, java.lang.String, java.lang.String, java.lang.String) 1">
    <annotation name="android.support.annotation.StringDef">
      <val name="value" val="{com.stripe.android.model.BankAccount.TYPE_COMPANY, com.stripe.android.model.BankAccount.TYPE_INDIVIDUAL}" />
    </annotation>
  </item>
  <item name="com.stripe.android.model.BankAccount com.stripe.android.model.BankAccount setAccountHolderType(java.lang.String) 0">
    <annotation name="android.support.annotation.StringDef">
      <val name="value" val="{com.stripe.android.model.BankAccount.TYPE_COMPANY, com.stripe.android.model.BankAccount.TYPE_INDIVIDUAL}" />
    </annotation>
  </item>
  <item name="com.stripe.android.model.BankAccount java.lang.String getAccountHolderType()">
    <annotation name="android.support.annotation.StringDef">
      <val name="value" val="{com.stripe.android.model.BankAccount.TYPE_COMPANY, com.stripe.android.model.BankAccount.TYPE_INDIVIDUAL}" />
    </annotation>
  </item>
  <item name="com.stripe.android.model.BankAccount mAccountHolderType">
    <annotation name="android.support.annotation.StringDef">
      <val name="value" val="{com.stripe.android.model.BankAccount.TYPE_COMPANY, com.stripe.android.model.BankAccount.TYPE_INDIVIDUAL}" />
    </annotation>
  </item>
  <item name="com.stripe.android.model.Card brand">
    <annotation name="android.support.annotation.StringDef">
      <val name="value" val="{com.stripe.android.model.Card.AMERICAN_EXPRESS, com.stripe.android.model.Card.DISCOVER, com.stripe.android.model.Card.JCB, com.stripe.android.model.Card.DINERS_CLUB, com.stripe.android.model.Card.VISA, com.stripe.android.model.Card.MASTERCARD, com.stripe.android.model.Card.UNKNOWN}" />
    </annotation>
  </item>
  <item name="com.stripe.android.model.Card com.stripe.android.model.Card addLoggingToken(java.lang.String) 0">
    <annotation name="android.support.annotation.StringDef">
      <val name="value" val="{com.stripe.android.util.LoggingUtils.CARD_WIDGET_TOKEN}" />
    </annotation>
  </item>
  <item name="com.stripe.android.model.Card funding">
    <annotation name="android.support.annotation.StringDef">
      <val name="value" val="{com.stripe.android.model.Card.FUNDING_CREDIT, com.stripe.android.model.Card.FUNDING_DEBIT, com.stripe.android.model.Card.FUNDING_PREPAID, com.stripe.android.model.Card.FUNDING_UNKNOWN}" />
    </annotation>
  </item>
  <item name="com.stripe.android.model.Card java.lang.String getBrand()">
    <annotation name="android.support.annotation.StringDef">
      <val name="value" val="{com.stripe.android.model.Card.AMERICAN_EXPRESS, com.stripe.android.model.Card.DISCOVER, com.stripe.android.model.Card.JCB, com.stripe.android.model.Card.DINERS_CLUB, com.stripe.android.model.Card.VISA, com.stripe.android.model.Card.MASTERCARD, com.stripe.android.model.Card.UNKNOWN}" />
    </annotation>
  </item>
  <item name="com.stripe.android.model.Card java.lang.String getFunding()">
    <annotation name="android.support.annotation.StringDef">
      <val name="value" val="{com.stripe.android.model.Card.FUNDING_CREDIT, com.stripe.android.model.Card.FUNDING_DEBIT, com.stripe.android.model.Card.FUNDING_PREPAID, com.stripe.android.model.Card.FUNDING_UNKNOWN}" />
    </annotation>
  </item>
  <item name="com.stripe.android.model.Card java.lang.String getType()">
    <annotation name="android.support.annotation.StringDef">
      <val name="value" val="{com.stripe.android.model.Card.AMERICAN_EXPRESS, com.stripe.android.model.Card.DISCOVER, com.stripe.android.model.Card.JCB, com.stripe.android.model.Card.DINERS_CLUB, com.stripe.android.model.Card.VISA, com.stripe.android.model.Card.MASTERCARD, com.stripe.android.model.Card.UNKNOWN}" />
    </annotation>
  </item>
  <item name="com.stripe.android.model.Card.Builder brand">
    <annotation name="android.support.annotation.StringDef">
      <val name="value" val="{com.stripe.android.model.Card.AMERICAN_EXPRESS, com.stripe.android.model.Card.DISCOVER, com.stripe.android.model.Card.JCB, com.stripe.android.model.Card.DINERS_CLUB, com.stripe.android.model.Card.VISA, com.stripe.android.model.Card.MASTERCARD, com.stripe.android.model.Card.UNKNOWN}" />
    </annotation>
  </item>
  <item name="com.stripe.android.model.Card.Builder com.stripe.android.model.Card.Builder brand(java.lang.String) 0">
    <annotation name="android.support.annotation.StringDef">
      <val name="value" val="{com.stripe.android.model.Card.AMERICAN_EXPRESS, com.stripe.android.model.Card.DISCOVER, com.stripe.android.model.Card.JCB, com.stripe.android.model.Card.DINERS_CLUB, com.stripe.android.model.Card.VISA, com.stripe.android.model.Card.MASTERCARD, com.stripe.android.model.Card.UNKNOWN}" />
    </annotation>
  </item>
  <item name="com.stripe.android.model.Card.Builder com.stripe.android.model.Card.Builder funding(java.lang.String) 0">
    <annotation name="android.support.annotation.StringDef">
      <val name="value" val="{com.stripe.android.model.Card.FUNDING_CREDIT, com.stripe.android.model.Card.FUNDING_DEBIT, com.stripe.android.model.Card.FUNDING_PREPAID, com.stripe.android.model.Card.FUNDING_UNKNOWN}" />
    </annotation>
  </item>
  <item name="com.stripe.android.model.Card.Builder funding">
    <annotation name="android.support.annotation.StringDef">
      <val name="value" val="{com.stripe.android.model.Card.FUNDING_CREDIT, com.stripe.android.model.Card.FUNDING_DEBIT, com.stripe.android.model.Card.FUNDING_PREPAID, com.stripe.android.model.Card.FUNDING_UNKNOWN}" />
    </annotation>
  </item>
  <item name="com.stripe.android.model.Source Source(java.lang.String, java.lang.Long, java.lang.String, com.stripe.android.model.SourceCodeVerification, java.lang.Long, java.lang.String, java.lang.String, java.lang.Boolean, java.util.Map&lt;java.lang.String,java.lang.String&gt;, com.stripe.android.model.SourceOwner, com.stripe.android.model.SourceReceiver, com.stripe.android.model.SourceRedirect, java.lang.String, java.util.Map&lt;java.lang.String,java.lang.Object&gt;, com.stripe.android.model.StripeSourceTypeModel, java.lang.String, java.lang.String) 12">
    <annotation name="android.support.annotation.StringDef">
      <val name="value" val="{com.stripe.android.model.Source.PENDING, com.stripe.android.model.Source.CHARGEABLE, com.stripe.android.model.Source.CONSUMED, com.stripe.android.model.Source.CANCELED, com.stripe.android.model.Source.FAILED}" />
    </annotation>
  </item>
  <item name="com.stripe.android.model.Source Source(java.lang.String, java.lang.Long, java.lang.String, com.stripe.android.model.SourceCodeVerification, java.lang.Long, java.lang.String, java.lang.String, java.lang.Boolean, java.util.Map&lt;java.lang.String,java.lang.String&gt;, com.stripe.android.model.SourceOwner, com.stripe.android.model.SourceReceiver, com.stripe.android.model.SourceRedirect, java.lang.String, java.util.Map&lt;java.lang.String,java.lang.Object&gt;, com.stripe.android.model.StripeSourceTypeModel, java.lang.String, java.lang.String) 15">
    <annotation name="android.support.annotation.StringDef">
      <val name="value" val="{com.stripe.android.model.Source.BITCOIN, com.stripe.android.model.Source.CARD, com.stripe.android.model.Source.THREE_D_SECURE, com.stripe.android.model.Source.GIROPAY, com.stripe.android.model.Source.SEPA_DEBIT, com.stripe.android.model.Source.IDEAL, com.stripe.android.model.Source.SOFORT, com.stripe.android.model.Source.BANCONTACT}" />
    </annotation>
  </item>
  <item name="com.stripe.android.model.Source Source(java.lang.String, java.lang.Long, java.lang.String, com.stripe.android.model.SourceCodeVerification, java.lang.Long, java.lang.String, java.lang.String, java.lang.Boolean, java.util.Map&lt;java.lang.String,java.lang.String&gt;, com.stripe.android.model.SourceOwner, com.stripe.android.model.SourceReceiver, com.stripe.android.model.SourceRedirect, java.lang.String, java.util.Map&lt;java.lang.String,java.lang.Object&gt;, com.stripe.android.model.StripeSourceTypeModel, java.lang.String, java.lang.String) 16">
    <annotation name="android.support.annotation.StringDef">
      <val name="value" val="{com.stripe.android.model.Source.REUSABLE, com.stripe.android.model.Source.SINGLE_USE}" />
    </annotation>
  </item>
  <item name="com.stripe.android.model.Source Source(java.lang.String, java.lang.Long, java.lang.String, com.stripe.android.model.SourceCodeVerification, java.lang.Long, java.lang.String, java.lang.String, java.lang.Boolean, java.util.Map&lt;java.lang.String,java.lang.String&gt;, com.stripe.android.model.SourceOwner, com.stripe.android.model.SourceReceiver, com.stripe.android.model.SourceRedirect, java.lang.String, java.util.Map&lt;java.lang.String,java.lang.Object&gt;, com.stripe.android.model.StripeSourceTypeModel, java.lang.String, java.lang.String) 6">
    <annotation name="android.support.annotation.StringDef">
      <val name="value" val="{com.stripe.android.model.Source.REDIRECT, com.stripe.android.model.Source.RECEIVER, com.stripe.android.model.Source.CODE_VERIFICATION, com.stripe.android.model.Source.NONE}" />
    </annotation>
  </item>
  <item name="com.stripe.android.model.Source java.lang.String asSourceFlow(java.lang.String)">
    <annotation name="android.support.annotation.StringDef">
      <val name="value" val="{com.stripe.android.model.Source.REDIRECT, com.stripe.android.model.Source.RECEIVER, com.stripe.android.model.Source.CODE_VERIFICATION, com.stripe.android.model.Source.NONE}" />
    </annotation>
  </item>
  <item name="com.stripe.android.model.Source java.lang.String asSourceStatus(java.lang.String)">
    <annotation name="android.support.annotation.StringDef">
      <val name="value" val="{com.stripe.android.model.Source.PENDING, com.stripe.android.model.Source.CHARGEABLE, com.stripe.android.model.Source.CONSUMED, com.stripe.android.model.Source.CANCELED, com.stripe.android.model.Source.FAILED}" />
    </annotation>
  </item>
  <item name="com.stripe.android.model.Source java.lang.String asSourceType(java.lang.String)">
    <annotation name="android.support.annotation.StringDef">
      <val name="value" val="{com.stripe.android.model.Source.BITCOIN, com.stripe.android.model.Source.CARD, com.stripe.android.model.Source.THREE_D_SECURE, com.stripe.android.model.Source.GIROPAY, com.stripe.android.model.Source.SEPA_DEBIT, com.stripe.android.model.Source.IDEAL, com.stripe.android.model.Source.SOFORT, com.stripe.android.model.Source.BANCONTACT}" />
    </annotation>
  </item>
  <item name="com.stripe.android.model.Source java.lang.String asUsage(java.lang.String)">
    <annotation name="android.support.annotation.StringDef">
      <val name="value" val="{com.stripe.android.model.Source.REUSABLE, com.stripe.android.model.Source.SINGLE_USE}" />
    </annotation>
  </item>
  <item name="com.stripe.android.model.Source java.lang.String getFlow()">
    <annotation name="android.support.annotation.StringDef">
      <val name="value" val="{com.stripe.android.model.Source.REDIRECT, com.stripe.android.model.Source.RECEIVER, com.stripe.android.model.Source.CODE_VERIFICATION, com.stripe.android.model.Source.NONE}" />
    </annotation>
  </item>
  <item name="com.stripe.android.model.Source java.lang.String getStatus()">
    <annotation name="android.support.annotation.StringDef">
      <val name="value" val="{com.stripe.android.model.Source.PENDING, com.stripe.android.model.Source.CHARGEABLE, com.stripe.android.model.Source.CONSUMED, com.stripe.android.model.Source.CANCELED, com.stripe.android.model.Source.FAILED}" />
    </annotation>
  </item>
  <item name="com.stripe.android.model.Source java.lang.String getType()">
    <annotation name="android.support.annotation.StringDef">
      <val name="value" val="{com.stripe.android.model.Source.BITCOIN, com.stripe.android.model.Source.CARD, com.stripe.android.model.Source.THREE_D_SECURE, com.stripe.android.model.Source.GIROPAY, com.stripe.android.model.Source.SEPA_DEBIT, com.stripe.android.model.Source.IDEAL, com.stripe.android.model.Source.SOFORT, com.stripe.android.model.Source.BANCONTACT}" />
    </annotation>
  </item>
  <item name="com.stripe.android.model.Source java.lang.String getUsage()">
    <annotation name="android.support.annotation.StringDef">
      <val name="value" val="{com.stripe.android.model.Source.REUSABLE, com.stripe.android.model.Source.SINGLE_USE}" />
    </annotation>
  </item>
  <item name="com.stripe.android.model.Source mFlow">
    <annotation name="android.support.annotation.StringDef">
      <val name="value" val="{com.stripe.android.model.Source.REDIRECT, com.stripe.android.model.Source.RECEIVER, com.stripe.android.model.Source.CODE_VERIFICATION, com.stripe.android.model.Source.NONE}" />
    </annotation>
  </item>
  <item name="com.stripe.android.model.Source mStatus">
    <annotation name="android.support.annotation.StringDef">
      <val name="value" val="{com.stripe.android.model.Source.PENDING, com.stripe.android.model.Source.CHARGEABLE, com.stripe.android.model.Source.CONSUMED, com.stripe.android.model.Source.CANCELED, com.stripe.android.model.Source.FAILED}" />
    </annotation>
  </item>
  <item name="com.stripe.android.model.Source mType">
    <annotation name="android.support.annotation.StringDef">
      <val name="value" val="{com.stripe.android.model.Source.BITCOIN, com.stripe.android.model.Source.CARD, com.stripe.android.model.Source.THREE_D_SECURE, com.stripe.android.model.Source.GIROPAY, com.stripe.android.model.Source.SEPA_DEBIT, com.stripe.android.model.Source.IDEAL, com.stripe.android.model.Source.SOFORT, com.stripe.android.model.Source.BANCONTACT}" />
    </annotation>
  </item>
  <item name="com.stripe.android.model.Source mUsage">
    <annotation name="android.support.annotation.StringDef">
      <val name="value" val="{com.stripe.android.model.Source.REUSABLE, com.stripe.android.model.Source.SINGLE_USE}" />
    </annotation>
  </item>
  <item name="com.stripe.android.model.Source void setFlow(java.lang.String) 0">
    <annotation name="android.support.annotation.StringDef">
      <val name="value" val="{com.stripe.android.model.Source.REDIRECT, com.stripe.android.model.Source.RECEIVER, com.stripe.android.model.Source.CODE_VERIFICATION, com.stripe.android.model.Source.NONE}" />
    </annotation>
  </item>
  <item name="com.stripe.android.model.Source void setStatus(java.lang.String) 0">
    <annotation name="android.support.annotation.StringDef">
      <val name="value" val="{com.stripe.android.model.Source.PENDING, com.stripe.android.model.Source.CHARGEABLE, com.stripe.android.model.Source.CONSUMED, com.stripe.android.model.Source.CANCELED, com.stripe.android.model.Source.FAILED}" />
    </annotation>
  </item>
  <item name="com.stripe.android.model.Source void setType(java.lang.String) 0">
    <annotation name="android.support.annotation.StringDef">
      <val name="value" val="{com.stripe.android.model.Source.BITCOIN, com.stripe.android.model.Source.CARD, com.stripe.android.model.Source.THREE_D_SECURE, com.stripe.android.model.Source.GIROPAY, com.stripe.android.model.Source.SEPA_DEBIT, com.stripe.android.model.Source.IDEAL, com.stripe.android.model.Source.SOFORT, com.stripe.android.model.Source.BANCONTACT}" />
    </annotation>
  </item>
  <item name="com.stripe.android.model.Source void setUsage(java.lang.String) 0">
    <annotation name="android.support.annotation.StringDef">
      <val name="value" val="{com.stripe.android.model.Source.REUSABLE, com.stripe.android.model.Source.SINGLE_USE}" />
    </annotation>
  </item>
  <item name="com.stripe.android.model.SourceCardData com.stripe.android.model.SourceCardData fromString(java.lang.String)">
    <annotation name="android.support.annotation.VisibleForTesting" />
  </item>
  <item name="com.stripe.android.model.SourceCardData java.lang.String asThreeDSecureStatus(java.lang.String)">
    <annotation name="android.support.annotation.StringDef">
      <val name="value" val="{com.stripe.android.model.SourceCardData.REQUIRED, com.stripe.android.model.SourceCardData.OPTIONAL, com.stripe.android.model.SourceCardData.NOT_SUPPORTED, com.stripe.android.model.SourceCardData.UNKNOWN}" />
    </annotation>
  </item>
  <item name="com.stripe.android.model.SourceCardData java.lang.String getBrand()">
    <annotation name="android.support.annotation.StringDef">
      <val name="value" val="{com.stripe.android.model.Card.AMERICAN_EXPRESS, com.stripe.android.model.Card.DISCOVER, com.stripe.android.model.Card.JCB, com.stripe.android.model.Card.DINERS_CLUB, com.stripe.android.model.Card.VISA, com.stripe.android.model.Card.MASTERCARD, com.stripe.android.model.Card.UNKNOWN}" />
    </annotation>
  </item>
  <item name="com.stripe.android.model.SourceCardData java.lang.String getFunding()">
    <annotation name="android.support.annotation.StringDef">
      <val name="value" val="{com.stripe.android.model.Card.FUNDING_CREDIT, com.stripe.android.model.Card.FUNDING_DEBIT, com.stripe.android.model.Card.FUNDING_PREPAID, com.stripe.android.model.Card.FUNDING_UNKNOWN}" />
    </annotation>
  </item>
  <item name="com.stripe.android.model.SourceCardData java.lang.String getThreeDSecureStatus()">
    <annotation name="android.support.annotation.StringDef">
      <val name="value" val="{com.stripe.android.model.SourceCardData.REQUIRED, com.stripe.android.model.SourceCardData.OPTIONAL, com.stripe.android.model.SourceCardData.NOT_SUPPORTED, com.stripe.android.model.SourceCardData.UNKNOWN}" />
    </annotation>
  </item>
  <item name="com.stripe.android.model.SourceCardData mBrand">
    <annotation name="android.support.annotation.StringDef">
      <val name="value" val="{com.stripe.android.model.Card.AMERICAN_EXPRESS, com.stripe.android.model.Card.DISCOVER, com.stripe.android.model.Card.JCB, com.stripe.android.model.Card.DINERS_CLUB, com.stripe.android.model.Card.VISA, com.stripe.android.model.Card.MASTERCARD, com.stripe.android.model.Card.UNKNOWN}" />
    </annotation>
  </item>
  <item name="com.stripe.android.model.SourceCardData mFunding">
    <annotation name="android.support.annotation.StringDef">
      <val name="value" val="{com.stripe.android.model.Card.FUNDING_CREDIT, com.stripe.android.model.Card.FUNDING_DEBIT, com.stripe.android.model.Card.FUNDING_PREPAID, com.stripe.android.model.Card.FUNDING_UNKNOWN}" />
    </annotation>
  </item>
  <item name="com.stripe.android.model.SourceCardData mThreeDSecureStatus">
    <annotation name="android.support.annotation.StringDef">
      <val name="value" val="{com.stripe.android.model.SourceCardData.REQUIRED, com.stripe.android.model.SourceCardData.OPTIONAL, com.stripe.android.model.SourceCardData.NOT_SUPPORTED, com.stripe.android.model.SourceCardData.UNKNOWN}" />
    </annotation>
  </item>
  <item name="com.stripe.android.model.SourceCodeVerification SourceCodeVerification(int, java.lang.String) 1">
    <annotation name="android.support.annotation.StringDef">
      <val name="value" val="{com.stripe.android.model.SourceCodeVerification.PENDING, com.stripe.android.model.SourceCodeVerification.SUCCEEDED, com.stripe.android.model.SourceCodeVerification.FAILED}" />
    </annotation>
  </item>
  <item name="com.stripe.android.model.SourceCodeVerification java.lang.String asStatus(java.lang.String)">
    <annotation name="android.support.annotation.StringDef">
      <val name="value" val="{com.stripe.android.model.SourceCodeVerification.PENDING, com.stripe.android.model.SourceCodeVerification.SUCCEEDED, com.stripe.android.model.SourceCodeVerification.FAILED}" />
    </annotation>
  </item>
  <item name="com.stripe.android.model.SourceCodeVerification java.lang.String getStatus()">
    <annotation name="android.support.annotation.StringDef">
      <val name="value" val="{com.stripe.android.model.SourceCodeVerification.PENDING, com.stripe.android.model.SourceCodeVerification.SUCCEEDED, com.stripe.android.model.SourceCodeVerification.FAILED}" />
    </annotation>
  </item>
  <item name="com.stripe.android.model.SourceCodeVerification mStatus">
    <annotation name="android.support.annotation.StringDef">
      <val name="value" val="{com.stripe.android.model.SourceCodeVerification.PENDING, com.stripe.android.model.SourceCodeVerification.SUCCEEDED, com.stripe.android.model.SourceCodeVerification.FAILED}" />
    </annotation>
  </item>
  <item name="com.stripe.android.model.SourceCodeVerification void setStatus(java.lang.String) 0">
    <annotation name="android.support.annotation.StringDef">
      <val name="value" val="{com.stripe.android.model.SourceCodeVerification.PENDING, com.stripe.android.model.SourceCodeVerification.SUCCEEDED, com.stripe.android.model.SourceCodeVerification.FAILED}" />
    </annotation>
  </item>
  <item name="com.stripe.android.model.SourceParams com.stripe.android.model.SourceParams setType(java.lang.String) 0">
    <annotation name="android.support.annotation.StringDef">
      <val name="value" val="{com.stripe.android.model.Source.BITCOIN, com.stripe.android.model.Source.CARD, com.stripe.android.model.Source.THREE_D_SECURE, com.stripe.android.model.Source.GIROPAY, com.stripe.android.model.Source.SEPA_DEBIT, com.stripe.android.model.Source.IDEAL, com.stripe.android.model.Source.SOFORT, com.stripe.android.model.Source.BANCONTACT}" />
    </annotation>
  </item>
  <item name="com.stripe.android.model.SourceParams java.lang.String getType()">
    <annotation name="android.support.annotation.StringDef">
      <val name="value" val="{com.stripe.android.model.Source.BITCOIN, com.stripe.android.model.Source.CARD, com.stripe.android.model.Source.THREE_D_SECURE, com.stripe.android.model.Source.GIROPAY, com.stripe.android.model.Source.SEPA_DEBIT, com.stripe.android.model.Source.IDEAL, com.stripe.android.model.Source.SOFORT, com.stripe.android.model.Source.BANCONTACT}" />
    </annotation>
  </item>
  <item name="com.stripe.android.model.SourceParams mType">
    <annotation name="android.support.annotation.StringDef">
      <val name="value" val="{com.stripe.android.model.Source.BITCOIN, com.stripe.android.model.Source.CARD, com.stripe.android.model.Source.THREE_D_SECURE, com.stripe.android.model.Source.GIROPAY, com.stripe.android.model.Source.SEPA_DEBIT, com.stripe.android.model.Source.IDEAL, com.stripe.android.model.Source.SOFORT, com.stripe.android.model.Source.BANCONTACT}" />
    </annotation>
  </item>
  <item name="com.stripe.android.model.SourceRedirect SourceRedirect(java.lang.String, java.lang.String, java.lang.String) 1">
    <annotation name="android.support.annotation.StringDef">
      <val name="value" val="{com.stripe.android.model.SourceRedirect.PENDING, com.stripe.android.model.SourceRedirect.SUCCEEDED, com.stripe.android.model.SourceRedirect.FAILED}" />
    </annotation>
  </item>
  <item name="com.stripe.android.model.SourceRedirect java.lang.String asStatus(java.lang.String)">
    <annotation name="android.support.annotation.StringDef">
      <val name="value" val="{com.stripe.android.model.SourceRedirect.PENDING, com.stripe.android.model.SourceRedirect.SUCCEEDED, com.stripe.android.model.SourceRedirect.FAILED}" />
    </annotation>
  </item>
  <item name="com.stripe.android.model.SourceRedirect java.lang.String getStatus()">
    <annotation name="android.support.annotation.StringDef">
      <val name="value" val="{com.stripe.android.model.SourceRedirect.PENDING, com.stripe.android.model.SourceRedirect.SUCCEEDED, com.stripe.android.model.SourceRedirect.FAILED}" />
    </annotation>
  </item>
  <item name="com.stripe.android.model.SourceRedirect mStatus">
    <annotation name="android.support.annotation.StringDef">
      <val name="value" val="{com.stripe.android.model.SourceRedirect.PENDING, com.stripe.android.model.SourceRedirect.SUCCEEDED, com.stripe.android.model.SourceRedirect.FAILED}" />
    </annotation>
  </item>
  <item name="com.stripe.android.model.SourceRedirect void setStatus(java.lang.String) 0">
    <annotation name="android.support.annotation.StringDef">
      <val name="value" val="{com.stripe.android.model.SourceRedirect.PENDING, com.stripe.android.model.SourceRedirect.SUCCEEDED, com.stripe.android.model.SourceRedirect.FAILED}" />
    </annotation>
  </item>
  <item name="com.stripe.android.model.SourceSepaDebitData com.stripe.android.model.SourceSepaDebitData fromString(java.lang.String)">
    <annotation name="android.support.annotation.VisibleForTesting" />
  </item>
  <item name="com.stripe.android.model.Token java.lang.String getType()">
    <annotation name="android.support.annotation.StringDef">
      <val name="value" val="{com.stripe.android.model.Token.TYPE_CARD, com.stripe.android.model.Token.TYPE_BANK_ACCOUNT}" />
    </annotation>
  </item>
</root>

