<?xml version="1.0" encoding="UTF-8"?>
<root>
  <item name="com.stripe.android.util.CardUtils boolean isValidCardLength(java.lang.String, java.lang.String) 1">
    <annotation name="android.support.annotation.StringDef">
      <val name="value" val="{com.stripe.android.model.Card.AMERICAN_EXPRESS, com.stripe.android.model.Card.DISCOVER, com.stripe.android.model.Card.JCB, com.stripe.android.model.Card.DINERS_CLUB, com.stripe.android.model.Card.VISA, com.stripe.android.model.Card.MASTERCARD, com.stripe.android.model.Card.UNKNOWN}" />
    </annotation>
  </item>
  <item name="com.stripe.android.util.CardUtils java.lang.String getPossibleCardType(java.lang.String)">
    <annotation name="android.support.annotation.StringDef">
      <val name="value" val="{com.stripe.android.model.Card.AMERICAN_EXPRESS, com.stripe.android.model.Card.DISCOVER, com.stripe.android.model.Card.JCB, com.stripe.android.model.Card.DINERS_CLUB, com.stripe.android.model.Card.VISA, com.stripe.android.model.Card.MASTERCARD, com.stripe.android.model.Card.UNKNOWN}" />
    </annotation>
  </item>
  <item name="com.stripe.android.util.CardUtils java.lang.String getPossibleCardType(java.lang.String, boolean)">
    <annotation name="android.support.annotation.StringDef">
      <val name="value" val="{com.stripe.android.model.Card.AMERICAN_EXPRESS, com.stripe.android.model.Card.DISCOVER, com.stripe.android.model.Card.JCB, com.stripe.android.model.Card.DINERS_CLUB, com.stripe.android.model.Card.VISA, com.stripe.android.model.Card.MASTERCARD, com.stripe.android.model.Card.UNKNOWN}" />
    </annotation>
  </item>
  <item name="com.stripe.android.util.CardUtils java.lang.String[] separateCardNumberGroups(java.lang.String, java.lang.String) 1">
    <annotation name="android.support.annotation.StringDef">
      <val name="value" val="{com.stripe.android.model.Card.AMERICAN_EXPRESS, com.stripe.android.model.Card.DISCOVER, com.stripe.android.model.Card.JCB, com.stripe.android.model.Card.DINERS_CLUB, com.stripe.android.model.Card.VISA, com.stripe.android.model.Card.MASTERCARD, com.stripe.android.model.Card.UNKNOWN}" />
    </annotation>
  </item>
  <item name="com.stripe.android.util.DateUtils boolean isExpiryDataValid(int, int, java.util.Calendar)">
    <annotation name="android.support.annotation.VisibleForTesting" />
  </item>
  <item name="com.stripe.android.util.DateUtils int convertTwoDigitYearToFour(int, java.util.Calendar)">
    <annotation name="android.support.annotation.VisibleForTesting" />
  </item>
  <item name="com.stripe.android.util.LoggingUtils java.lang.String getEventParamName(java.lang.String) 0">
    <annotation name="android.support.annotation.StringDef">
      <val name="value" val="{com.stripe.android.util.LoggingUtils.EVENT_TOKEN_CREATION, com.stripe.android.util.LoggingUtils.EVENT_SOURCE_CREATION}" />
    </annotation>
  </item>
  <item name="com.stripe.android.util.LoggingUtils java.util.Map&lt;java.lang.String,java.lang.Object&gt; getEventLoggingParams(java.util.List&lt;java.lang.String&gt;, java.lang.String, java.lang.String, java.lang.String) 1">
    <annotation name="android.support.annotation.StringDef">
      <val name="value" val="{com.stripe.android.model.Source.BITCOIN, com.stripe.android.model.Source.CARD, com.stripe.android.model.Source.THREE_D_SECURE, com.stripe.android.model.Source.GIROPAY, com.stripe.android.model.Source.SEPA_DEBIT, com.stripe.android.model.Source.IDEAL, com.stripe.android.model.Source.SOFORT, com.stripe.android.model.Source.BANCONTACT}" />
    </annotation>
  </item>
  <item name="com.stripe.android.util.LoggingUtils java.util.Map&lt;java.lang.String,java.lang.Object&gt; getEventLoggingParams(java.util.List&lt;java.lang.String&gt;, java.lang.String, java.lang.String, java.lang.String) 3">
    <annotation name="android.support.annotation.StringDef">
      <val name="value" val="{com.stripe.android.util.LoggingUtils.EVENT_TOKEN_CREATION, com.stripe.android.util.LoggingUtils.EVENT_SOURCE_CREATION}" />
    </annotation>
  </item>
  <item name="com.stripe.android.util.LoggingUtils java.util.Map&lt;java.lang.String,java.lang.Object&gt; getSourceCreationParams(java.lang.String, java.lang.String) 1">
    <annotation name="android.support.annotation.StringDef">
      <val name="value" val="{com.stripe.android.model.Source.BITCOIN, com.stripe.android.model.Source.CARD, com.stripe.android.model.Source.THREE_D_SECURE, com.stripe.android.model.Source.GIROPAY, com.stripe.android.model.Source.SEPA_DEBIT, com.stripe.android.model.Source.IDEAL, com.stripe.android.model.Source.SOFORT, com.stripe.android.model.Source.BANCONTACT}" />
    </annotation>
  </item>
  <item name="com.stripe.android.util.StripeNetworkUtils.UidProvider">
    <annotation name="android.support.annotation.VisibleForTesting" />
  </item>
  <item name="com.stripe.android.util.StripeTextUtils java.lang.String asBankAccountType(java.lang.String)">
    <annotation name="android.support.annotation.StringDef">
      <val name="value" val="{com.stripe.android.model.BankAccount.TYPE_COMPANY, com.stripe.android.model.BankAccount.TYPE_INDIVIDUAL}" />
    </annotation>
  </item>
  <item name="com.stripe.android.util.StripeTextUtils java.lang.String asCardBrand(java.lang.String)">
    <annotation name="android.support.annotation.StringDef">
      <val name="value" val="{com.stripe.android.model.Card.AMERICAN_EXPRESS, com.stripe.android.model.Card.DISCOVER, com.stripe.android.model.Card.JCB, com.stripe.android.model.Card.DINERS_CLUB, com.stripe.android.model.Card.VISA, com.stripe.android.model.Card.MASTERCARD, com.stripe.android.model.Card.UNKNOWN}" />
    </annotation>
  </item>
  <item name="com.stripe.android.util.StripeTextUtils java.lang.String asFundingType(java.lang.String)">
    <annotation name="android.support.annotation.StringDef">
      <val name="value" val="{com.stripe.android.model.Card.FUNDING_CREDIT, com.stripe.android.model.Card.FUNDING_DEBIT, com.stripe.android.model.Card.FUNDING_PREPAID, com.stripe.android.model.Card.FUNDING_UNKNOWN}" />
    </annotation>
  </item>
  <item name="com.stripe.android.util.StripeTextUtils java.lang.String asTokenType(java.lang.String)">
    <annotation name="android.support.annotation.StringDef">
      <val name="value" val="{com.stripe.android.model.Token.TYPE_CARD, com.stripe.android.model.Token.TYPE_BANK_ACCOUNT}" />
    </annotation>
  </item>
</root>

